arm,entropy,epoch,eval_entropy,eval_loss,eval_mean_token_accuracy,eval_num_tokens,eval_runtime,eval_samples_per_second,eval_steps_per_second,grad_norm,learning_rate,loss,mean_token_accuracy,num_tokens,split
unknown,2.174,0.006038,,,,,,,,1.651,3.333e-05,2.861,0.5522,26550.0,train
unknown,2.646,0.01208,,,,,,,,1.414,7.037e-05,2.454,0.5718,54520.0,train
unknown,1.963,0.01811,,,,,,,,1.454,0.0001,2.1,0.613,83340.0,train
unknown,1.793,0.02415,,,,,,,,1.685,9.996e-05,1.797,0.6583,109700.0,train
unknown,1.835,0.03019,,,,,,,,1.417,9.986e-05,1.801,0.6476,136300.0,train
unknown,1.517,0.03623,,,,,,,,1.366,9.97e-05,1.538,0.6892,164100.0,train
unknown,1.68,0.04226,,,,,,,,1.741,9.949e-05,1.691,0.663,192800.0,train
unknown,1.659,0.0483,,,,,,,,1.695,9.921e-05,1.665,0.6659,220700.0,train
unknown,1.469,0.05434,,,,,,,,1.617,9.888e-05,1.467,0.7029,248600.0,train
unknown,1.426,0.06038,,,,,,,,1.495,9.85e-05,1.424,0.7045,277000.0,train
unknown,1.403,0.06642,,,,,,,,1.531,9.805e-05,1.408,0.7099,305900.0,train
unknown,1.398,0.07245,,,,,,,,1.713,9.756e-05,1.433,0.7017,336000.0,train
unknown,1.287,0.07849,,,,,,,,1.581,9.7e-05,1.302,0.7237,365200.0,train
unknown,1.492,0.08453,,,,,,,,1.525,9.639e-05,1.475,0.6915,393000.0,train
unknown,1.374,0.09057,,,,,,,,1.622,9.573e-05,1.395,0.7027,418800.0,train
unknown,,0.09057,1.341,1.366,0.7164,418800.0,19.33,41.4,5.174,,,,,,eval
unknown,1.404,0.0966,,,,,,,,1.775,9.502e-05,1.406,0.7085,445700.0,train
unknown,1.269,0.1026,,,,,,,,1.679,9.425e-05,1.275,0.7281,475000.0,train
unknown,1.463,0.1087,,,,,,,,1.506,9.343e-05,1.441,0.7018,502100.0,train
unknown,1.368,0.1147,,,,,,,,2.035,9.257e-05,1.418,0.7053,530000.0,train
unknown,1.367,0.1208,,,,,,,,1.599,9.165e-05,1.349,0.7211,558800.0,train
unknown,1.331,0.1268,,,,,,,,1.481,9.069e-05,1.333,0.7182,587700.0,train
unknown,1.317,0.1328,,,,,,,,1.909,8.968e-05,1.308,0.7213,615500.0,train
unknown,1.355,0.1389,,,,,,,,1.551,8.863e-05,1.343,0.7137,644200.0,train
unknown,1.139,0.1449,,,,,,,,1.258,8.753e-05,1.152,0.7496,671700.0,train
unknown,1.286,0.1509,,,,,,,,1.418,8.639e-05,1.288,0.7261,699500.0,train
unknown,1.393,0.157,,,,,,,,1.608,8.521e-05,1.42,0.701,726100.0,train
unknown,1.281,0.163,,,,,,,,1.408,8.399e-05,1.279,0.7281,752500.0,train
unknown,1.183,0.1691,,,,,,,,1.693,8.273e-05,1.199,0.7386,781000.0,train
unknown,1.29,0.1751,,,,,,,,1.755,8.144e-05,1.259,0.7325,807800.0,train
unknown,1.301,0.1811,,,,,,,,1.587,8.011e-05,1.329,0.7142,835500.0,train
unknown,,0.1811,1.29,1.248,0.7318,835500.0,19.72,40.58,5.072,,,,,,eval
unknown,1.275,0.1872,,,,,,,,1.721,7.875e-05,1.24,0.7338,862500.0,train
unknown,1.305,0.1932,,,,,,,,1.541,7.736e-05,1.311,0.7217,890900.0,train
unknown,1.204,0.1992,,,,,,,,1.504,7.594e-05,1.238,0.7315,918400.0,train
unknown,1.295,0.2053,,,,,,,,1.406,7.449e-05,1.287,0.7262,945500.0,train
unknown,1.179,0.2113,,,,,,,,1.166,7.302e-05,1.189,0.7365,973700.0,train
unknown,1.228,0.2174,,,,,,,,1.769,7.153e-05,1.25,0.7318,1001000.0,train
unknown,1.194,0.2234,,,,,,,,1.325,7.001e-05,1.152,0.7505,1029000.0,train
unknown,1.223,0.2294,,,,,,,,1.484,6.847e-05,1.267,0.7289,1055000.0,train
unknown,1.159,0.2355,,,,,,,,1.547,6.692e-05,1.149,0.7498,1083000.0,train
unknown,1.093,0.2415,,,,,,,,1.24,6.535e-05,1.1,0.7548,1112000.0,train
unknown,1.161,0.2475,,,,,,,,1.581,6.377e-05,1.192,0.7471,1140000.0,train
unknown,1.248,0.2536,,,,,,,,1.45,6.218e-05,1.191,0.7368,1167000.0,train
unknown,1.135,0.2596,,,,,,,,1.964,6.057e-05,1.165,0.7429,1195000.0,train
unknown,1.125,0.2657,,,,,,,,1.832,5.896e-05,1.14,0.7524,1223000.0,train
unknown,1.188,0.2717,,,,,,,,1.289,5.735e-05,1.161,0.7461,1251000.0,train
unknown,,0.2717,1.235,1.186,0.7395,1251000.0,19.64,40.73,5.092,,,,,,eval
unknown,1.217,0.2777,,,,,,,,1.505,5.573e-05,1.216,0.7324,1280000.0,train
unknown,1.202,0.2838,,,,,,,,1.521,5.411e-05,1.198,0.7333,1307000.0,train
unknown,1.18,0.2898,,,,,,,,1.426,5.249e-05,1.23,0.7333,1334000.0,train
unknown,1.254,0.2958,,,,,,,,1.222,5.088e-05,1.234,0.7314,1360000.0,train
unknown,1.188,0.3019,,,,,,,,1.549,4.927e-05,1.185,0.7402,1387000.0,train
unknown,1.198,0.3079,,,,,,,,1.341,4.766e-05,1.191,0.7481,1414000.0,train
unknown,1.253,0.314,,,,,,,,1.63,4.607e-05,1.249,0.725,1442000.0,train
unknown,1.208,0.32,,,,,,,,1.434,4.449e-05,1.234,0.7262,1469000.0,train
unknown,1.119,0.326,,,,,,,,1.413,4.292e-05,1.095,0.7602,1498000.0,train
unknown,1.229,0.3321,,,,,,,,1.313,4.137e-05,1.199,0.7343,1526000.0,train
unknown,1.037,0.3381,,,,,,,,1.335,3.984e-05,1.073,0.7613,1554000.0,train
unknown,1.196,0.3442,,,,,,,,1.308,3.832e-05,1.22,0.7306,1581000.0,train
unknown,1.206,0.3502,,,,,,,,1.286,3.683e-05,1.151,0.7454,1610000.0,train
unknown,1.223,0.3562,,,,,,,,1.783,3.536e-05,1.266,0.7284,1637000.0,train
unknown,1.176,0.3623,,,,,,,,1.601,3.392e-05,1.139,0.749,1664000.0,train
unknown,,0.3623,1.124,1.137,0.7483,1664000.0,19.77,40.47,5.059,,,,,,eval
unknown,1.112,0.3683,,,,,,,,1.594,3.25e-05,1.126,0.7506,1692000.0,train
unknown,1.031,0.3743,,,,,,,,1.234,3.111e-05,1.025,0.7741,1721000.0,train
unknown,1.107,0.3804,,,,,,,,1.779,2.976e-05,1.126,0.753,1748000.0,train
unknown,1.189,0.3864,,,,,,,,1.652,2.843e-05,1.191,0.7385,1778000.0,train
unknown,1.237,0.3925,,,,,,,,1.473,2.714e-05,1.241,0.727,1806000.0,train
unknown,1.171,0.3985,,,,,,,,1.736,2.589e-05,1.169,0.736,1835000.0,train
unknown,1.237,0.4045,,,,,,,,1.299,2.467e-05,1.237,0.7267,1863000.0,train
unknown,1.09,0.4106,,,,,,,,1.191,2.35e-05,1.085,0.7551,1890000.0,train
unknown,1.193,0.4166,,,,,,,,1.454,2.236e-05,1.191,0.7342,1918000.0,train
unknown,1.109,0.4226,,,,,,,,1.408,2.127e-05,1.073,0.7596,1944000.0,train
unknown,1.17,0.4287,,,,,,,,1.778,2.022e-05,1.175,0.7387,1972000.0,train
unknown,1.192,0.4347,,,,,,,,1.618,1.921e-05,1.208,0.7314,1999000.0,train
unknown,1.144,0.4408,,,,,,,,1.687,1.825e-05,1.134,0.748,2026000.0,train
unknown,1.088,0.4468,,,,,,,,1.925,1.734e-05,1.071,0.7572,2051000.0,train
unknown,1.107,0.4528,,,,,,,,1.292,1.648e-05,1.102,0.7537,2078000.0,train
unknown,,0.4528,1.068,1.113,0.7521,2078000.0,19.63,40.76,5.095,,,,,,eval
unknown,1.058,0.4589,,,,,,,,1.922,1.567e-05,1.152,0.7444,2106000.0,train
unknown,1.061,0.4649,,,,,,,,1.251,1.491e-05,1.018,0.7668,2133000.0,train
unknown,1.137,0.4709,,,,,,,,1.417,1.42e-05,1.109,0.7513,2160000.0,train
unknown,1.052,0.477,,,,,,,,1.131,1.354e-05,1.048,0.7629,2189000.0,train
unknown,1.03,0.483,,,,,,,,1.749,1.294e-05,1.064,0.7613,2215000.0,train
unknown,1.087,0.4891,,,,,,,,1.415,1.239e-05,1.057,0.7599,2242000.0,train
unknown,1.238,0.4951,,,,,,,,1.405,1.19e-05,1.257,0.7236,2268000.0,train
unknown,1.053,0.5011,,,,,,,,1.191,1.146e-05,1.024,0.7694,2298000.0,train
unknown,1.142,0.5072,,,,,,,,2.014,1.108e-05,1.163,0.7395,2322000.0,train
unknown,1.103,0.5132,,,,,,,,1.772,1.076e-05,1.099,0.7568,2349000.0,train
unknown,1.07,0.5192,,,,,,,,1.323,1.049e-05,1.067,0.7527,2378000.0,train
unknown,1.094,0.5253,,,,,,,,1.572,1.028e-05,1.09,0.7543,2405000.0,train
unknown,1.098,0.5313,,,,,,,,1.414,1.013e-05,1.082,0.7493,2431000.0,train
unknown,1.136,0.5374,,,,,,,,1.942,1.004e-05,1.107,0.7416,2459000.0,train
unknown,1.099,0.5434,,,,,,,,1.307,1e-05,1.114,0.7479,2488000.0,train
unknown,,0.5434,1.058,1.101,0.7534,2488000.0,19.8,40.41,5.051,,,,,,eval
